{"cameraMode":{"drawMode":0,"name":"Shaded","section":"Shading Mode"},"sceneLighting":true,"audioPlay":false,"sceneViewState":{"showFog":true,"showMaterialUpdate":false,"showSkybox":true,"showFlares":true,"showImageEffects":true,"showParticleSystems":true},"in2DMode":false,"pivot":{"x":-0.9100528955459595,"y":-1.060133457183838,"z":1.9098262786865235},"rotation":{"x":-0.1303635984659195,"y":0.03330402076244354,"z":-0.004382228013128042,"w":-0.9908996820449829},"size":16.312034606933595,"orthographic":false}